{
  "pools": [{
    "name": "buddycards",
    "rolls": 2,
    "entries": [
      {
        "type": "item",
        "name": "buddycards:buddycard_pack_nether",
        "weight": 3,
        "functions": [{ "function": "set_count", "count": { "min": 1, "max": 2 } }]
      },
      {
        "type": "item",
        "name": "buddycards:golden_grading_sleeve",
        "weight": 2,
        "functions": [{ "function": "set_count", "count": { "min": 2, "max": 4 } }]
      },
      {
        "type": "empty",
        "weight": 4
      }
    ]
  }]
}