{
  "pools": [{
    "name": "buddycards",
    "rolls": 1,
    "entries": [
      {
        "type": "item",
        "name": "buddycards:buddycard_pack_nether",
        "weight": 1,
        "functions": [{ "function": "set_count", "count": { "min": 1, "max": 1 } }]
      },
      {
        "type": "item",
        "name": "buddycards:golden_grading_sleeve",
        "weight": 1,
        "functions": [{ "function": "set_count", "count": { "min": 1, "max": 4 } }]
      },
      {
        "type": "empty",
        "weight": 3
      }
    ]
  }]
}