{
  "type": "create:mixing",
  "ingredients": [
    {
      "item": "minecraft:stick"
    },
    {
      "item": "minecraft:stick"
    },
    {
      "item": "minecraft:stick"
    },
    {
      "item": "minecraft:stick"
    },
    {
      "item": "minecraft:stick"
    },
    {
      "item": "minecraft:stick"
    },
    {
      "fluidTag": "forge:plantoil",
      "amount": 200
    }
  ],
  "results": [
    {
      "item": "mekanism:bio_fuel",
      "count": 1
    }
  ],
  "heatRequirement": "heated"
}