{
	"credit": "Made with Blockbench",
	"textures": {
		"1": "buildinggadgets:items/gadget_destruction",
		"2": "buildinggadgets:items/gadget_destruction_back",
		"particle": "buildinggadgets:items/gadget_destruction"
	},
	"elements": [
		{
			"from": [11, 7, 8],
			"to": [12, 14, 9],
			"faces": {
				"north": {"uv": [11, 2, 12, 9], "texture": "#1"},
				"east": {"uv": [11, 2, 12, 9], "texture": "#1"},
				"south": {"uv": [11, 2, 12, 9], "texture": "#1"},
				"west": {"uv": [11, 2, 12, 9], "texture": "#1"},
				"up": {"uv": [11, 2, 12, 3], "texture": "#1"},
				"down": {"uv": [11, 8, 12, 9], "texture": "#1"}
			}
		},
		{
			"from": [11, 4, 8],
			"to": [13, 6, 9],
			"faces": {
				"north": {"uv": [11, 10, 13, 12], "texture": "#1"},
				"east": {"uv": [12, 10, 13, 12], "texture": "#1"},
				"south": {"uv": [11, 10, 13, 12], "texture": "#1"},
				"west": {"uv": [12, 10, 13, 12], "texture": "#1"},
				"up": {"uv": [11, 10, 13, 11], "texture": "#1"},
				"down": {"uv": [11, 11, 13, 12], "texture": "#1"}
			}
		},
		{
			"from": [5, 7, 8],
			"to": [6, 14, 9],
			"faces": {
				"north": {"uv": [5, 2, 6, 9], "texture": "#1"},
				"east": {"uv": [5, 2, 6, 9], "texture": "#1"},
				"south": {"uv": [5, 2, 6, 9], "texture": "#1"},
				"west": {"uv": [5, 2, 6, 9], "texture": "#1"},
				"up": {"uv": [5, 2, 6, 9], "texture": "#1"},
				"down": {"uv": [5, 2, 6, 9], "texture": "#1"}
			}
		},
		{
			"from": [6, 7, 8],
			"to": [11, 8, 9],
			"faces": {
				"north": {"uv": [6, 8, 11, 9], "texture": "#1"},
				"east": {"uv": [6, 8, 11, 9], "texture": "#1"},
				"south": {"uv": [6, 8, 11, 9], "texture": "#1"},
				"west": {"uv": [6, 8, 11, 9], "texture": "#1"},
				"up": {"uv": [6, 8, 11, 9], "texture": "#1"},
				"down": {"uv": [6, 8, 11, 9], "texture": "#1"}
			}
		},
		{
			"from": [6, 13, 8],
			"to": [11, 14, 9],
			"faces": {
				"north": {"uv": [6, 2, 11, 3], "texture": "#1"},
				"east": {"uv": [6, 2, 11, 3], "texture": "#1"},
				"south": {"uv": [6, 2, 11, 3], "texture": "#1"},
				"west": {"uv": [6, 2, 11, 3], "texture": "#1"},
				"up": {"uv": [6, 2, 11, 3], "texture": "#1"},
				"down": {"uv": [6, 2, 11, 3], "texture": "#1"}
			}
		},
		{
			"from": [8, 2, 8],
			"to": [12, 3, 9],
			"faces": {
				"north": {"uv": [8, 13, 12, 14], "texture": "#1"},
				"east": {"uv": [11, 13, 12, 14], "texture": "#1"},
				"south": {"uv": [8, 13, 12, 14], "texture": "#1"},
				"west": {"uv": [8, 13, 9, 14], "texture": "#1"},
				"up": {"uv": [8, 13, 12, 14], "texture": "#1"},
				"down": {"uv": [8, 13, 12, 14], "texture": "#1"}
			}
		},
		{
			"from": [8, 4, 8],
			"to": [10, 6, 9],
			"faces": {
				"north": {"uv": [11, 10, 13, 12], "texture": "#1"},
				"east": {"uv": [12, 10, 13, 12], "texture": "#1"},
				"south": {"uv": [11, 10, 13, 12], "texture": "#1"},
				"west": {"uv": [12, 10, 13, 12], "texture": "#1"},
				"up": {"uv": [11, 10, 13, 11], "texture": "#1"},
				"down": {"uv": [11, 11, 13, 12], "texture": "#1"}
			}
		},
		{
			"from": [3, 0, 7.499],
			"to": [14, 16, 8.499],
			"faces": {
				"north": {"uv": [14, 0, 3, 16], "texture": "#2"},
				"east": {"uv": [14, 0, 13, 16], "texture": "#2"},
				"south": {"uv": [3, 0, 14, 16], "texture": "#1"},
				"west": {"uv": [3, 0, 4, 16], "texture": "#1"},
				"up": {"uv": [3, 0, 14, 1], "texture": "#1"},
				"down": {"uv": [14, 15, 3, 16], "texture": "#2"}
			}
		},
		{
			"from": [5, 3, 8],
			"to": [8, 6, 9],
			"faces": {
				"north": {"uv": [5, 10, 8, 13], "texture": "#1"},
				"east": {"uv": [7, 10, 8, 13], "texture": "#1"},
				"south": {"uv": [5, 10, 8, 13], "texture": "#1"},
				"west": {"uv": [5, 10, 6, 13], "texture": "#1"},
				"up": {"uv": [5, 10, 8, 11], "texture": "#1"},
				"down": {"uv": [5, 12, 8, 13], "texture": "#1"}
			}
		},
		{
			"from": [6, 8, 7.8],
			"to": [11, 13, 8.8],
			"faces": {
				"north": {"uv": [6, 3, 11, 8], "texture": "#1"},
				"east": {"uv": [6, 3, 11, 8], "texture": "#1"},
				"south": {"uv": [6, 3, 11, 8], "texture": "#1"},
				"west": {"uv": [6, 3, 11, 8], "texture": "#1"},
				"up": {"uv": [6, 3, 11, 8], "texture": "#1"},
				"down": {"uv": [6, 3, 11, 8], "texture": "#1"}
			}
		},
		{
			"from": [12, 0, 7.5],
			"to": [13, 1, 8.5],
			"rotation": {"angle": 0, "axis": "y", "origin": [8, 0, 8]},
			"faces": {
				"north": {"uv": [12, 15, 13, 16], "rotation": 180, "texture": "#1"},
				"east": {"uv": [12, 15, 13, 16], "rotation": 180, "texture": "#1"},
				"south": {"uv": [12, 15, 13, 16], "rotation": 180, "texture": "#1"},
				"west": {"uv": [12, 15, 13, 16], "rotation": 180, "texture": "#1"},
				"up": {"uv": [12, 15, 13, 16], "rotation": 180, "texture": "#1"}
			}
		},
		{
			"from": [13, 1, 7.5],
			"to": [14, 1, 8.5],
			"rotation": {"angle": 0, "axis": "y", "origin": [8, 0, 8]},
			"faces": {
				"north": {"uv": [13, 14, 14, 15], "rotation": 180, "texture": "#1"},
				"east": {"uv": [13, 14, 14, 15], "rotation": 180, "texture": "#1"},
				"south": {"uv": [13, 14, 14, 15], "rotation": 180, "texture": "#1"},
				"west": {"uv": [13, 14, 14, 15], "rotation": 180, "texture": "#1"},
				"up": {"uv": [13, 14, 14, 15], "rotation": 180, "texture": "#1"},
				"down": {"uv": [13, 14, 14, 15], "rotation": 180, "texture": "#1"}
			}
		},
		{
			"from": [3, 1, 7.5],
			"to": [4, 1, 8.5],
			"rotation": {"angle": 0, "axis": "y", "origin": [8, 0, 8]},
			"faces": {
				"north": {"uv": [3, 14, 4, 15], "rotation": 180, "texture": "#1"},
				"east": {"uv": [3, 14, 4, 15], "rotation": 180, "texture": "#1"},
				"south": {"uv": [3, 14, 4, 15], "rotation": 180, "texture": "#1"},
				"west": {"uv": [3, 14, 4, 15], "rotation": 180, "texture": "#1"},
				"up": {"uv": [3, 14, 4, 15], "rotation": 180, "texture": "#1"},
				"down": {"uv": [3, 14, 4, 15], "rotation": 180, "texture": "#1"}
			}
		},
		{
			"from": [4, 15, 7.5],
			"to": [5, 16, 8.5],
			"rotation": {"angle": 0, "axis": "x", "origin": [8, 0, 8]},
			"faces": {
				"north": {"uv": [4, 0, 5, 1], "rotation": 180, "texture": "#1"},
				"east": {"uv": [4, 0, 5, 1], "rotation": 180, "texture": "#1"},
				"south": {"uv": [4, 0, 5, 1], "rotation": 180, "texture": "#1"},
				"west": {"uv": [4, 0, 5, 1], "rotation": 180, "texture": "#1"},
				"down": {"uv": [4, 0, 5, 1], "rotation": 180, "texture": "#1"}
			}
		},
		{
			"from": [3, 15, 7.5],
			"to": [4, 15, 8.5],
			"rotation": {"angle": 0, "axis": "x", "origin": [8, 0, 8]},
			"faces": {
				"north": {"uv": [3, 14, 4, 15], "rotation": 180, "texture": "#1"},
				"east": {"uv": [3, 14, 4, 15], "rotation": 180, "texture": "#1"},
				"south": {"uv": [3, 14, 4, 15], "rotation": 180, "texture": "#1"},
				"west": {"uv": [3, 14, 4, 15], "rotation": 180, "texture": "#1"},
				"up": {"uv": [3, 14, 4, 15], "rotation": 180, "texture": "#1"},
				"down": {"uv": [3, 14, 4, 15], "rotation": 180, "texture": "#1"}
			}
		},
		{
			"from": [4, 0, 7.5],
			"to": [5, 1, 8.5],
			"rotation": {"angle": 0, "axis": "y", "origin": [8, 0, 8]},
			"faces": {
				"north": {"uv": [4, 15, 5, 16], "rotation": 180, "texture": "#1"},
				"east": {"uv": [4, 15, 5, 16], "rotation": 180, "texture": "#1"},
				"south": {"uv": [4, 15, 5, 16], "rotation": 180, "texture": "#1"},
				"west": {"uv": [4, 15, 5, 16], "rotation": 180, "texture": "#1"},
				"up": {"uv": [4, 15, 5, 16], "rotation": 180, "texture": "#1"},
				"down": {"uv": [4, 15, 5, 16], "rotation": 180, "texture": "#1"}
			}
		},
		{
			"from": [12, 15, 7.5],
			"to": [13, 16, 8.5],
			"rotation": {"angle": 0, "axis": "y", "origin": [8, 0, 8]},
			"faces": {
				"north": {"uv": [12, 0, 13, 1], "rotation": 180, "texture": "#1"},
				"east": {"uv": [12, 0, 13, 1], "rotation": 180, "texture": "#1"},
				"south": {"uv": [12, 0, 13, 1], "rotation": 180, "texture": "#1"},
				"west": {"uv": [12, 0, 13, 1], "rotation": 180, "texture": "#1"},
				"down": {"uv": [12, 0, 13, 1], "rotation": 180, "texture": "#1"}
			}
		},
		{
			"from": [13, 15, 7.5],
			"to": [14, 15, 8.5],
			"rotation": {"angle": 0, "axis": "y", "origin": [8, 0, 8]},
			"faces": {
				"north": {"uv": [0, 0, 1, 1], "rotation": 180, "texture": "#missing"},
				"east": {"uv": [14, 1, 15, 2], "rotation": 180, "texture": "#missing"},
				"south": {"uv": [0, 0, 1, 1], "rotation": 180, "texture": "#missing"},
				"west": {"uv": [0, 0, 1, 1], "rotation": 180, "texture": "#missing"},
				"up": {"uv": [13, 1, 14, 2], "rotation": 180, "texture": "#1"},
				"down": {"uv": [4, 0, 5, 1], "rotation": 180, "texture": "#missing"}
			}
		}
	],
	"gui_light": "front",
	"display": {
		"thirdperson_righthand": {
			"rotation": [-180, -180, -180],
			"translation": [0, 3.25, 0.75],
			"scale": [0.5, 0.5, 0.5]
		},
		"thirdperson_lefthand": {
			"rotation": [-180, -180, -180],
			"translation": [0, 3.25, 0.75],
			"scale": [0.5, 0.5, 0.5]
		},
		"firstperson_righthand": {
			"rotation": [161, -180, -180],
			"translation": [11.25, 0.25, -9.5],
			"scale": [0.8, 0.8, 0.8]
		},
		"firstperson_lefthand": {
			"rotation": [161, -180, -180],
			"translation": [11.25, 0.25, -9.5],
			"scale": [0.8, 0.8, 0.8]
		},
		"ground": {
			"translation": [0, 2.5, 0],
			"scale": [0.75, 0.75, 0.75]
		},
		"gui": {
			"rotation": [-180, -180, -180]
		},
		"fixed": {
			"rotation": [0, -180, 0],
			"translation": [0, 0, -0.5]
		}
	},
	"groups": [
		0,
		{
			"name": "display",
			"origin": [8, 8, 8],
			"color": 0,
			"children": [
				{
					"name": "edges",
					"origin": [8, 8, 8],
					"color": 0,
					"children": [1, 2, 3, 4]
				},
				{
					"name": "display",
					"origin": [8, 8, 8],
					"color": 0,
					"children": [5]
				}
			]
		},
		{
			"name": "Buttons",
			"origin": [0, 0, 0],
			"color": 0,
			"children": [6, 7, 8, 9]
		},
		{
			"name": "plate",
			"origin": [8, 0, 8],
			"color": 0,
			"children": [10, 11, 12, 13, 14, 15, 16, 17]
		}
	]
}