{
  "type": "farmersdelight:cooking",
  "ingredients": [
    {
      "item": "create:dough"
    },
    {
      "tag": "forge:crops/cabbage"
    },
    {
      "tag": "forge:crops/onion"
    },
    [
      {
        "tag": "forge:raw_chicken"
      },
      {
        "tag": "forge:raw_pork"
      },
      {
        "tag": "forge:raw_beef"
      },
      {
        "item": "minecraft:brown_mushroom"
      }
    ]
  ],
  "result": {
    "item": "farmersdelight:dumplings",
    "count": 2
  },
  "experience": 0.35,
  "cookingtime": 200
}