{
  "pools": [
    {
      "name": "tier#1",
      "rolls": 1,
      "entries": [
        {
          "type": "item",
          "name": "minecraft:book",
          "weight": 1,
          "conditions": [
            {
              "condition": "champions:champion_properties",
              "entity": "this"
            },
            {
              "condition": "killed_by_player"
            }
          ],
          "functions": [
            {
              "function": "enchant_randomly"
            }
          ]
        }
      ]
    },
    {
      "name": "tier#2",
      "rolls": 1,
      "entries": [
        {
          "type": "item",
          "name": "minecraft:book",
          "weight": 1,
          "conditions": [
            {
              "condition": "champions:champion_properties",
              "entity": "this",
              "tier": {
                "min": 2
              }
            },
            {
              "condition": "killed_by_player"
            }
          ],
          "functions": [
            {
              "function": "enchant_randomly"
            }
          ]
        }
      ]
    },
    {
      "name": "tier#3",
      "rolls": 1,
      "entries": [
        {
          "type": "item",
          "name": "minecraft:book",
          "weight": 1,
          "conditions": [
            {
              "condition": "champions:champion_properties",
              "entity": "this",
              "tier": {
                "min": 3
              }
            },
            {
              "condition": "killed_by_player"
            }
          ],
          "functions": [
            {
              "function": "enchant_randomly"
            }
          ]
        }
      ]
    },
    {
      "name": "tier#4",
      "rolls": 1,
      "entries": [
        {
          "type": "item",
          "name": "minecraft:book",
          "weight": 1,
          "conditions": [
            {
              "condition": "champions:champion_properties",
              "entity": "this",
              "tier": {
                "min": 4
              }
            },
            {
              "condition": "killed_by_player"
            }
          ],
          "functions": [
            {
              "function": "enchant_randomly"
            }
          ]
        }
      ]
    }
  ]
}
